status_code,link
200,https://c7.staticflickr.com/6/5499/10245691204_98dce75b5a_o.jpg
200,https://farm1.staticflickr.com/5615/15335861457_ec2be7a54e_o.jpg
200,https://c7.staticflickr.com/8/7590/17048042861_97168daff8_o.jpg
200,https://farm5.staticflickr.com/5582/18233009494_029b52ca79_o.jpg
200,https://farm6.staticflickr.com/4126/5145819744_b4a7871064_o.jpg
200,https://farm7.staticflickr.com/92/230781821_dff139d17b_o.jpg
200,https://c5.staticflickr.com/9/8549/8704105458_a035405f0f_o.jpg
200,https://farm7.staticflickr.com/7416/9940862744_4ef1834d86_o.jpg
404,https://farm4.staticflickr.com/1282/4599122146_550ac7f976_o.jpg
404,https://c2.staticflickr.com/8/7038/6947057537_24fea839d0_o.jpg
200,https://c1.staticflickr.com/8/7617/16767947440_68d558453b_o.jpg
200,https://farm4.staticflickr.com/3873/14152766838_f978e4b93e_o.jpg
200,https://c6.staticflickr.com/3/2628/4135154445_4df5dd53f7_o.jpg
200,https://c6.staticflickr.com/1/174/421050398_d398c18bed_o.jpg
200,https://c2.staticflickr.com/5/4091/4981992490_11ef957238_o.jpg
410,https://c5.staticflickr.com/9/8670/16659811280_645e27e5c3_o.jpg
200,https://farm8.staticflickr.com/102/283696707_04235bf34e_o.jpg
200,https://farm6.staticflickr.com/4047/4685736311_cf385a849a_o.jpg
200,https://farm8.staticflickr.com/6210/6099515726_6b72f1abf0_o.jpg
200,https://c5.staticflickr.com/1/6/9857059_f2cf399ff3_o.jpg
200,https://c4.staticflickr.com/8/7463/15989030489_614504053f_o.jpg
200,https://farm2.staticflickr.com/7301/8746901660_1cb441a4a7_o.jpg
200,https://farm7.staticflickr.com/4052/4241923013_b7c09bd53b_o.jpg
410,https://c6.staticflickr.com/4/3836/15059991712_d02d910225_o.jpg
200,https://farm2.staticflickr.com/3917/14589191718_5bc1209260_o.jpg
200,https://farm7.staticflickr.com/4087/5036986839_f1bef90173_o.jpg
200,https://farm3.staticflickr.com/2672/3836490444_8c5c6f1198_o.jpg
200,https://farm7.staticflickr.com/3774/9421418963_c3002bd2de_o.jpg
200,https://farm3.staticflickr.com/4095/4881428043_aba6a8c7d1_o.jpg
200,https://c2.staticflickr.com/4/3953/15535910198_e0ac555f58_o.jpg
200,https://c1.staticflickr.com/7/6238/6299463695_a7e9d2fbfe_o.jpg
200,https://c5.staticflickr.com/1/28/56770890_253e998737_o.jpg
200,https://farm6.staticflickr.com/3427/3275699772_c81e9c47e1_o.jpg
200,https://farm3.staticflickr.com/2621/3714865100_6334cdc1b1_o.jpg
200,https://farm3.staticflickr.com/3733/14115564930_06c1d8335d_o.jpg
200,https://farm3.staticflickr.com/8663/16113816254_6eb179594b_o.jpg
200,https://farm4.staticflickr.com/3202/2973670839_c0f81cec09_o.jpg
200,https://farm8.staticflickr.com/5163/5266118796_969ebf2c47_o.jpg
200,https://c8.staticflickr.com/8/7343/13890442407_04c69b8042_o.jpg
200,https://farm8.staticflickr.com/4134/4936718791_e4cb638af2_o.jpg
200,https://farm4.staticflickr.com/4070/4450951388_32ce3c2f00_o.jpg
200,https://farm7.staticflickr.com/4123/4870877980_65232452ff_o.jpg
410,https://farm2.staticflickr.com/5649/20857399598_63843eeb4e_o.jpg
200,https://farm6.staticflickr.com/1065/1358019429_06f4aa0655_o.jpg
200,https://farm1.staticflickr.com/4066/4642626275_d2a12576a4_o.jpg
200,https://c7.staticflickr.com/2/1284/1351151649_09a1f84036_o.jpg
410,https://c5.staticflickr.com/6/5590/14864523078_90da1581b4_o.jpg
200,https://farm4.staticflickr.com/2221/2445354540_63849cdcc5_o.jpg
200,https://c1.staticflickr.com/4/3057/3028192466_c74539f39b_o.jpg
200,https://farm3.staticflickr.com/4117/4768976545_d32989ac04_o.jpg
200,https://farm5.staticflickr.com/3254/3138117555_39fe140c8c_o.jpg
200,https://farm8.staticflickr.com/8666/15427720404_dee62305a8_o.jpg
200,https://farm6.staticflickr.com/4129/5215831864_46f356962f_o.jpg
200,https://farm1.staticflickr.com/2770/4205447175_0d8139bba6_o.jpg
200,https://farm8.staticflickr.com/8381/8677046620_db5833dae4_o.jpg
200,https://farm5.staticflickr.com/3243/2505888172_b191be9a15_o.jpg
404,https://c7.staticflickr.com/8/7266/7630204884_f066e6b693_o.jpg
200,https://c1.staticflickr.com/1/440/19502169190_eba60688bf_o.jpg
200,https://c7.staticflickr.com/6/5572/14714715686_1802c6c476_o.jpg
200,https://farm6.staticflickr.com/2686/4453538282_6e57bb0699_o.jpg
200,https://c7.staticflickr.com/3/2543/3827171739_1fc4796bb9_o.jpg
200,https://farm7.staticflickr.com/8693/16295722674_e80e7bfab4_o.jpg
200,https://c8.staticflickr.com/4/3917/15159280745_a9001656a0_o.jpg
200,https://farm5.staticflickr.com/6127/5940849494_dcfeb9a16f_o.jpg
200,https://farm2.staticflickr.com/2663/13032564665_fae8987cfe_o.jpg
200,https://c6.staticflickr.com/9/8279/8754650331_18bb51ef11_o.jpg
200,https://c8.staticflickr.com/6/5585/14690132300_763a3cbd98_o.jpg
404,https://c3.staticflickr.com/6/5229/5682524083_4c81641ce1_o.jpg
200,https://farm5.staticflickr.com/104/291731386_3afdd17b2f_o.jpg
200,https://c4.staticflickr.com/4/3544/3398950153_529d45fa0b_o.jpg
200,https://c5.staticflickr.com/3/2728/4428641720_0ac9908cb5_o.jpg
200,https://c2.staticflickr.com/1/50/133067217_9c27664b97_o.jpg
200,https://c6.staticflickr.com/8/7164/6447428919_c16e8e8cc7_o.jpg
200,https://farm8.staticflickr.com/8456/8033696169_a5bdc1ca21_o.jpg
404,https://farm5.staticflickr.com/5448/16575269053_a06b49d1be_o.jpg
200,https://c5.staticflickr.com/1/189/503566223_c6aa98d87d_o.jpg
200,https://c5.staticflickr.com/9/8254/8684982661_6da8ce8fca_o.jpg
200,https://farm2.staticflickr.com/5616/15602534299_2c05a69cdf_o.jpg
200,https://c5.staticflickr.com/6/5055/5400541754_534ef77ce1_o.jpg
200,https://c5.staticflickr.com/9/8625/15826836876_b655eefa49_o.jpg
200,https://c4.staticflickr.com/4/3857/14585610875_af16fa330b_o.jpg
200,https://farm2.staticflickr.com/5530/9668887143_01288f655e_o.jpg
200,https://farm4.staticflickr.com/3050/2982440687_ee0938e343_o.jpg
200,https://c1.staticflickr.com/4/3176/2937232246_76477801f7_o.jpg
404,https://farm1.staticflickr.com/393/19234506194_2ce8c4483a_o.jpg
200,https://c8.staticflickr.com/4/3256/2789033013_c2f79a2bec_o.jpg
200,https://c2.staticflickr.com/5/4112/4976368718_5920ffaf62_o.jpg
200,https://farm1.staticflickr.com/3609/3338003957_691f6c0186_o.jpg
200,https://farm3.staticflickr.com/2489/4105317300_24001db7d7_o.jpg
200,https://farm1.staticflickr.com/252/516015907_5b1c0effdb_o.jpg
200,https://c2.staticflickr.com/3/2603/3889609518_63d8dede45_o.jpg
404,https://c1.staticflickr.com/8/7161/6726258727_f161184984_o.jpg
200,https://c8.staticflickr.com/4/3446/3359050895_f3e64dcd59_o.jpg
200,https://farm8.staticflickr.com/4011/4684837525_ae858767b6_o.jpg
410,https://farm7.staticflickr.com/3417/3646306251_7a26e2a1bb_o.jpg
200,https://farm2.staticflickr.com/7445/9436740556_fbe6d3f251_o.jpg
200,https://c5.staticflickr.com/9/8613/16082326413_41f6e69a0c_o.jpg
200,https://c7.staticflickr.com/5/4107/5086438039_936555496e_o.jpg
200,https://c3.staticflickr.com/8/7562/15662826305_3d84f5317f_o.jpg
200,https://c8.staticflickr.com/6/5021/5747569117_55ba8b30e3_o.jpg
200,https://farm7.staticflickr.com/2059/3542361212_51b19f6b45_o.jpg
200,https://c6.staticflickr.com/1/36/84013079_706a55de33_o.jpg
200,https://c3.staticflickr.com/3/2737/4384791435_6699e0c605_o.jpg
200,https://farm8.staticflickr.com/7245/7328319476_608948cae0_o.jpg
200,https://farm4.staticflickr.com/4039/4407101850_82491a7d55_o.jpg
200,https://farm6.staticflickr.com/5011/5498807221_d8f803d1a3_o.jpg
200,https://farm5.staticflickr.com/2897/14503660841_3ac390b627_o.jpg
410,https://farm7.staticflickr.com/29/50621395_874fb9f3ee_o.jpg
200,https://c2.staticflickr.com/1/116/291053777_8b55023ad8_o.jpg
200,https://c1.staticflickr.com/1/35/73259362_c2ecb6e0f4_o.jpg
200,https://c3.staticflickr.com/6/5495/10917494376_e50ba25785_o.jpg
200,https://farm1.staticflickr.com/5176/5506364640_321200f562_o.jpg
200,https://c3.staticflickr.com/6/5322/9334511583_cac586953b_o.jpg
200,https://c4.staticflickr.com/4/3133/3985630956_d8b7c341ee_o.jpg
200,https://farm1.staticflickr.com/2072/1739332713_c8daa803c4_o.jpg
200,https://c1.staticflickr.com/8/7215/7194219556_269015b3fe_o.jpg
200,https://farm5.staticflickr.com/509/20412284436_95f5d145a7_o.jpg
200,https://farm2.staticflickr.com/4124/5086664985_94a842d077_o.jpg
200,https://farm5.staticflickr.com/2553/4089426728_fafbc85b41_o.jpg
200,https://c8.staticflickr.com/3/2816/12778718824_1f8eedcb6e_o.jpg
200,https://c5.staticflickr.com/4/3038/2287772911_7e9fab2f23_o.jpg
200,https://c1.staticflickr.com/1/376/19007329829_d45b79dee2_o.jpg
200,https://farm2.staticflickr.com/3754/9773338333_875e09411a_o.jpg
200,https://farm2.staticflickr.com/2537/4101211265_95a221138c_o.jpg
200,https://c2.staticflickr.com/1/36/82783008_c6d1cdf632_o.jpg
200,https://farm4.staticflickr.com/3165/2548414279_cfe4ee0005_o.jpg
200,https://farm7.staticflickr.com/3831/10160051035_ee82a8c255_o.jpg
404,https://c4.staticflickr.com/3/2244/2192796724_663697ff33_o.jpg
200,https://farm2.staticflickr.com/3754/14087026590_ee5c7e5ba4_o.jpg
200,https://c7.staticflickr.com/5/4086/5013909667_d98dd83380_o.jpg
200,https://farm2.staticflickr.com/54/150574100_19c13cb7f4_o.jpg
200,https://c3.staticflickr.com/2/1022/4599688756_7a03038486_o.jpg
200,https://farm7.staticflickr.com/6020/6208775242_f3530a2203_o.jpg
404,https://farm2.staticflickr.com/6111/6883061324_b800933bd3_o.jpg
200,https://c8.staticflickr.com/8/7009/6711979909_77fc302d1a_o.jpg
200,https://c1.staticflickr.com/8/7404/9423051591_cb1bf5c5e1_o.jpg
200,https://farm6.staticflickr.com/3010/3030822694_43f27b5510_o.jpg
200,https://c4.staticflickr.com/5/4082/4938927551_c28d5f7106_o.jpg
200,https://c3.staticflickr.com/5/4092/5177274187_f2585fc2c0_o.jpg
200,https://c6.staticflickr.com/8/7710/17201593766_97500852b0_o.jpg
200,https://c6.staticflickr.com/4/3331/3667154830_ba1b09f428_o.jpg
200,https://c7.staticflickr.com/2/1410/5114105035_f699bbb713_o.jpg
200,https://c8.staticflickr.com/8/7190/6979180997_e2b7dc5f47_o.jpg
200,https://farm3.staticflickr.com/7/12067355_e94a575538_o.jpg
200,https://farm7.staticflickr.com/8327/8148802473_5819f55db0_o.jpg
200,https://c7.staticflickr.com/1/26/53920943_cb03b1d184_o.jpg
200,https://c2.staticflickr.com/8/7403/9626541177_ac09a2e5d2_o.jpg
404,https://c5.staticflickr.com/9/8645/16470837377_6fc84c6e0a_o.jpg
200,https://farm4.staticflickr.com/2039/3534848795_dbeac8e492_o.jpg
200,https://c7.staticflickr.com/3/2772/4339083850_e4ca5fd336_o.jpg
200,https://c7.staticflickr.com/6/5570/14533785849_bd343fdc2b_o.jpg
200,https://farm6.staticflickr.com/4042/4613792320_bf3fe05966_o.jpg
200,https://farm4.staticflickr.com/3493/3786080126_bc0698b97b_o.jpg
200,https://c1.staticflickr.com/9/8013/7410604148_f3f8310d08_o.jpg
200,https://c4.staticflickr.com/3/2936/14622810412_6463670dd3_o.jpg
200,https://c2.staticflickr.com/3/2047/2131388800_a6125892f0_o.jpg
200,https://farm5.staticflickr.com/3060/3066723712_cb9c057646_o.jpg
200,https://farm8.staticflickr.com/8532/8623550408_d65bbd8897_o.jpg
200,https://c5.staticflickr.com/4/3544/3387892657_d7ee07bb5a_o.jpg
404,https://c6.staticflickr.com/3/2875/10654204193_c2ec97362e_o.jpg
200,https://farm6.staticflickr.com/2863/12083304055_37e95b3cbe_o.jpg
200,https://c4.staticflickr.com/5/4154/5008327205_5652dac810_o.jpg
200,https://farm4.staticflickr.com/1328/570597649_07396ada30_o.jpg
404,https://c7.staticflickr.com/1/99/313039059_c9177b5c8f_o.jpg
200,https://c2.staticflickr.com/9/8509/8355993988_ae4f87216b_o.jpg
200,https://farm6.staticflickr.com/7095/7007112311_3f94fcab5f_o.jpg
200,https://c6.staticflickr.com/2/1048/1470281237_dfba4923aa_o.jpg
404,https://c5.staticflickr.com/4/3419/3768044465_cba8890874_o.jpg
200,https://c8.staticflickr.com/8/7276/7613447634_038dfd1e59_o.jpg
404,https://farm2.staticflickr.com/3886/15129442208_e359db98ee_o.jpg
200,https://farm8.staticflickr.com/4003/4647686220_05b487cd9d_o.jpg
200,https://farm5.staticflickr.com/5599/15251610310_2589c26346_o.jpg
200,https://c6.staticflickr.com/9/8471/8122909727_25fc14afed_o.jpg
200,https://farm5.staticflickr.com/3164/3036695011_0194677c8c_o.jpg
200,https://farm3.staticflickr.com/5565/15071977359_6ae31b7d13_o.jpg
200,https://c8.staticflickr.com/9/8202/8187999851_9d4d889120_o.jpg
200,https://farm3.staticflickr.com/2734/4038639132_7f4a51f014_o.jpg
200,https://farm4.staticflickr.com/6072/6028216672_9034c96bf8_o.jpg
200,https://c8.staticflickr.com/6/5139/5389590544_951f7ccbba_o.jpg
200,https://c4.staticflickr.com/9/8112/8641627495_9070887aa9_o.jpg
200,https://c6.staticflickr.com/8/7256/7843055674_e56781732b_o.jpg
410,https://farm7.staticflickr.com/7178/6800128340_d1c6fcb955_o.jpg
200,https://c4.staticflickr.com/6/5573/14701324716_73b382e90b_o.jpg
200,https://c1.staticflickr.com/5/4005/4407322859_8551f46e36_o.jpg
404,https://c3.staticflickr.com/8/7469/15896073505_1c840aea71_o.jpg
200,https://farm6.staticflickr.com/70/202126109_ce9f99922b_o.jpg
200,https://c8.staticflickr.com/1/59/226223259_6822ac16d9_o.jpg
200,https://farm7.staticflickr.com/4066/4588653749_f82bff3de5_o.jpg
200,https://farm3.staticflickr.com/3660/3378081323_bd525b338c_o.jpg
200,https://farm2.staticflickr.com/23/35069779_23b36594e5_o.jpg
200,https://farm4.staticflickr.com/2315/1834927860_5ed961ce36_o.jpg
200,https://c1.staticflickr.com/8/7396/13401513045_920bf32ce1_o.jpg
200,https://c8.staticflickr.com/3/2117/2396820438_4dd350bc94_o.jpg
200,https://farm8.staticflickr.com/8188/8115223663_cfb4d1f473_o.jpg
200,https://farm1.staticflickr.com/3821/11949844246_399a4266af_o.jpg
200,https://c5.staticflickr.com/7/6097/6372514931_bd1e9aee66_o.jpg
200,https://farm4.staticflickr.com/1035/1474161379_308597d6ca_o.jpg
404,https://farm6.staticflickr.com/8022/7275382556_39d3e9a4e0_o.jpg
404,https://c6.staticflickr.com/8/7723/16784832363_367a982f86_o.jpg
200,https://farm3.staticflickr.com/14/18559661_fcc6fa5312_o.jpg
404,https://c5.staticflickr.com/3/2069/1682585191_44be863aa8_o.jpg
200,https://c6.staticflickr.com/6/5082/5217131801_e38019e7b7_o.jpg
200,https://c2.staticflickr.com/3/2922/13892536100_724ebb5511_o.jpg
200,https://c1.staticflickr.com/1/29/48836201_ad78e70f30_o.jpg
410,https://farm6.staticflickr.com/2753/4187195014_9f01f00e0a_o.jpg
200,https://farm7.staticflickr.com/4102/5442012596_c2fb496561_o.jpg
200,https://farm6.staticflickr.com/2950/15187185240_cb5113f362_o.jpg
200,https://c2.staticflickr.com/4/3405/3584523553_44fffb72d0_o.jpg
200,https://farm6.staticflickr.com/5583/14898870069_1b3d72ca85_o.jpg
200,https://farm3.staticflickr.com/4132/5057822901_7d1a5665ba_o.jpg
410,https://c6.staticflickr.com/4/3741/9495781620_b4c34c8a5c_o.jpg
200,https://c6.staticflickr.com/9/8255/8651081019_54973ccc51_o.jpg
200,https://c7.staticflickr.com/5/4027/4442634358_a382007a1e_o.jpg
410,https://c8.staticflickr.com/4/3748/13492351853_d2f230eb47_o.jpg
200,https://farm8.staticflickr.com/6176/6268999513_0c3eddc9fb_o.jpg
200,https://farm7.staticflickr.com/5070/5674798089_baed7dec1b_o.jpg
200,https://c5.staticflickr.com/3/2918/14582058979_6f67880ecb_o.jpg
200,https://farm8.staticflickr.com/5/9596276_e293aebfdf_o.jpg
200,https://farm6.staticflickr.com/4136/4758194319_4d3aa761e0_o.jpg
200,https://c4.staticflickr.com/4/3400/3485503680_f21b16ef7b_o.jpg
200,https://farm7.staticflickr.com/5013/5533729108_3951023c1f_o.jpg
200,https://c4.staticflickr.com/8/7285/16760283866_8d76d88e24_o.jpg
200,https://farm6.staticflickr.com/4118/4901569209_10caf1321e_o.jpg
200,https://c3.staticflickr.com/8/7472/16167499522_ec27340d98_o.jpg
200,https://c5.staticflickr.com/6/5471/10338490543_cf325f9f6d_o.jpg
410,https://c1.staticflickr.com/6/5016/5571435379_0f54d064b7_o.jpg
200,https://farm3.staticflickr.com/7558/15673260082_62da85d6ef_o.jpg
200,https://farm4.staticflickr.com/3340/4645289123_6145ffb6d4_o.jpg
200,https://farm8.staticflickr.com/7047/6979845055_2585d45980_o.jpg
200,https://farm1.staticflickr.com/2909/14604633726_634c40fcb2_o.jpg
200,https://farm8.staticflickr.com/3211/2827469921_964247bfd8_o.jpg
404,https://farm8.staticflickr.com/4013/5140846395_3939a6959f_o.jpg
200,https://c7.staticflickr.com/3/2166/2082278200_4e133ff511_o.jpg
200,https://farm8.staticflickr.com/4106/4988814905_d23d627681_o.jpg
200,https://farm3.staticflickr.com/8183/8141606311_bc821b4b22_o.jpg
200,https://c8.staticflickr.com/7/6047/5888694554_6f4ebbc4fb_o.jpg
200,https://c7.staticflickr.com/9/8524/8571230322_ecbb9bc2ee_o.jpg
200,https://c5.staticflickr.com/4/3730/12309225876_6afff529e7_o.jpg
200,https://farm7.staticflickr.com/5264/5871982260_898cd12311_o.jpg
200,https://farm6.staticflickr.com/5598/15015211493_da70ec996a_o.jpg
200,https://c6.staticflickr.com/4/3791/10511544126_3766bf591b_o.jpg
404,https://farm3.staticflickr.com/3739/12621518174_4626b613aa_o.jpg
200,https://farm5.staticflickr.com/4056/4656720749_9f3122665b_o.jpg
200,https://farm2.staticflickr.com/637/21037864659_acb0be54f6_o.jpg
200,https://farm8.staticflickr.com/5139/5436163875_5eb8458bef_o.jpg
200,https://farm5.staticflickr.com/21/31201050_68b53cc4f7_o.jpg
200,https://farm5.staticflickr.com/2489/4159295271_fe6edd13d0_o.jpg
200,https://c5.staticflickr.com/6/5319/14103217840_06a1ec194e_o.jpg
200,https://c8.staticflickr.com/8/7366/13948735947_0ae873ae36_o.jpg
404,https://c2.staticflickr.com/8/7372/10143398753_3a8da02a05_o.jpg
200,https://c1.staticflickr.com/8/7498/15097202343_a3bbd776c4_o.jpg
200,https://farm5.staticflickr.com/3042/3081529024_0fa9b4c216_o.jpg
200,https://c6.staticflickr.com/7/6235/6261029611_3a2996757f_o.jpg
200,https://farm2.staticflickr.com/5104/5769583198_4926a17525_o.jpg
200,https://c2.staticflickr.com/9/8563/16566316330_dd262e19d6_o.jpg
200,https://farm8.staticflickr.com/7026/6539533761_4ed7457251_o.jpg
200,https://c7.staticflickr.com/5/4100/4806868774_15e4e62e4c_o.jpg
200,https://farm8.staticflickr.com/3851/15068149707_70b28ec49c_o.jpg
200,https://farm6.staticflickr.com/8016/7170343861_3625f52f9a_o.jpg
200,https://farm3.staticflickr.com/7560/15659045128_0211748c9d_o.jpg
200,https://farm8.staticflickr.com/4002/4589830761_6f6c09f4d8_o.jpg
200,https://c5.staticflickr.com/4/3540/3370301933_99286b8147_o.jpg
200,https://farm2.staticflickr.com/131/361900496_92113ac8b2_o.jpg
200,https://farm2.staticflickr.com/8563/15968157698_ef1650e8d0_o.jpg
200,https://c5.staticflickr.com/3/2159/1849463630_d84aff5adb_o.jpg
200,https://c2.staticflickr.com/2/1407/613001472_8e6df1eaaf_o.jpg
200,https://farm3.staticflickr.com/6215/6214844209_9d7f62c64a_o.jpg
200,https://c3.staticflickr.com/6/5470/8815143072_ef93fd1bd8_o.jpg
404,https://c8.staticflickr.com/8/7007/6410035459_a4687368fe_o.jpg
200,https://c7.staticflickr.com/8/7053/6873423063_f5bb350867_o.jpg
200,https://farm7.staticflickr.com/8251/8530623787_21d2c8353a_o.jpg
200,https://farm6.staticflickr.com/5134/5420548306_9345c7967b_o.jpg
200,https://c7.staticflickr.com/8/7165/13998305286_315d501c31_o.jpg
200,https://c3.staticflickr.com/4/3017/2657215823_3fa9dff3a0_o.jpg
404,https://c4.staticflickr.com/8/7123/7598950918_8b6bbf260a_o.jpg
200,https://farm4.staticflickr.com/8447/7758734598_ff45b0081d_o.jpg
200,https://c5.staticflickr.com/4/3928/15453998031_e51687fea8_o.jpg
200,https://c2.staticflickr.com/3/2928/14074549000_e35db37393_o.jpg
404,https://farm1.staticflickr.com/2246/2518278442_7ce1e840f3_o.jpg
200,https://farm1.staticflickr.com/4082/4805596036_14f810732f_o.jpg
200,https://c8.staticflickr.com/4/3237/2890914056_08bb471590_o.jpg
200,https://c2.staticflickr.com/9/8577/16002620326_7795e0232a_o.jpg
200,https://farm4.staticflickr.com/3734/11089730594_5abb881d9d_o.jpg
200,https://farm1.staticflickr.com/1262/1070991403_326ecfaa44_o.jpg
200,https://c5.staticflickr.com/6/5119/7188378931_d12ff92520_o.jpg
200,https://farm4.staticflickr.com/3389/3638167581_c19d7abf9c_o.jpg
404,https://c5.staticflickr.com/4/3707/14080324257_059bc6444d_o.jpg
200,https://farm1.staticflickr.com/8188/8393993031_a458c1bb66_o.jpg
200,https://farm3.staticflickr.com/23/32403617_2f8dc163bb_o.jpg
200,https://c8.staticflickr.com/5/4056/4376528777_55bde1c586_o.jpg
200,https://farm4.staticflickr.com/3587/3390543538_79b0720308_o.jpg
200,https://farm4.staticflickr.com/2836/9172803468_7d7914b287_o.jpg
200,https://farm8.staticflickr.com/7242/6861214250_f8811da82c_o.jpg
200,https://c1.staticflickr.com/9/8230/8472881585_f906647d53_o.jpg
200,https://farm5.staticflickr.com/7253/7582922714_e265e30523_o.jpg
200,https://c4.staticflickr.com/4/3333/3588154094_115014b1e9_o.jpg
200,https://c3.staticflickr.com/4/3477/3718925465_ea01bb761c_o.jpg
200,https://farm5.staticflickr.com/164/432570883_ec3d106b57_o.jpg
410,https://farm7.staticflickr.com/1324/540515771_67e246a71a_o.jpg
200,https://farm4.staticflickr.com/7617/16609368120_457d671a2d_o.jpg
200,https://c8.staticflickr.com/3/2699/4267230767_96d08c4098_o.jpg
404,https://farm6.staticflickr.com/5210/5234776746_4b476f90c4_o.jpg
200,https://farm5.staticflickr.com/2793/4263239697_90b4b71792_o.jpg
200,https://c4.staticflickr.com/8/7367/11290828816_22b7099fc4_o.jpg
200,https://farm6.staticflickr.com/6160/6237692028_f55550f01c_o.jpg
200,https://farm8.staticflickr.com/5593/15046207329_b41ae4735e_o.jpg
200,https://c7.staticflickr.com/3/2878/9214536589_d43a634d0f_o.jpg
200,https://c1.staticflickr.com/6/5307/5676875503_fcb53a01fc_o.jpg
200,https://c8.staticflickr.com/9/8451/8032464156_50e0b58cd9_o.jpg
200,https://farm4.staticflickr.com/7319/14138822943_ddc292851e_o.jpg
200,https://c1.staticflickr.com/4/3764/9287466709_69ab62bbf7_o.jpg
404,https://c5.staticflickr.com/4/3202/3104688918_0c963e0763_o.jpg
200,https://farm4.staticflickr.com/7216/7326834836_7ef09c178b_o.jpg
200,https://farm4.staticflickr.com/2384/5806700337_0be6a7d115_o.jpg
200,https://farm6.staticflickr.com/2634/3956404030_3e036c28c6_o.jpg
200,https://c4.staticflickr.com/3/2844/13630450554_022c6e12d8_o.jpg
200,https://c5.staticflickr.com/6/5241/5366901315_f9877d1683_o.jpg
200,https://c5.staticflickr.com/4/3870/15094934456_d83d138019_o.jpg
200,https://c7.staticflickr.com/3/2598/3742762544_b7d34e5dcd_o.jpg
200,https://farm2.staticflickr.com/7021/6455116881_73d18fcdfc_o.jpg
200,https://farm1.staticflickr.com/4098/4858112350_1ffbbedd80_o.jpg
200,https://c5.staticflickr.com/4/3838/15366043576_3853442e90_o.jpg
200,https://c4.staticflickr.com/7/6044/6879399862_ab8857393d_o.jpg
200,https://farm7.staticflickr.com/5307/5597510130_56163ecbf9_o.jpg
200,https://c8.staticflickr.com/6/5495/11528323225_502982b2d0_o.jpg
410,https://farm6.staticflickr.com/3555/3765427840_fcc9736054_o.jpg
200,https://c1.staticflickr.com/9/8332/8144005838_a58e514563_o.jpg
200,https://farm6.staticflickr.com/3666/9490395991_93c65f6f85_o.jpg
200,https://farm7.staticflickr.com/7025/6816859763_267c2298c3_o.jpg
200,https://farm1.staticflickr.com/48/147990244_d85c41eeae_o.jpg
200,https://farm6.staticflickr.com/94/229074806_c189d2e86b_o.jpg
200,https://farm8.staticflickr.com/5445/7056743557_08836d636d_o.jpg
404,https://farm1.staticflickr.com/3686/10745734703_8e4394e2d3_o.jpg
404,https://c5.staticflickr.com/3/2923/14411981615_ff9f1937b5_o.jpg
200,https://c5.staticflickr.com/3/2335/2125079064_1c354183d8_o.jpg
200,https://farm5.staticflickr.com/7570/16108226750_be3699aa75_o.jpg
200,https://farm7.staticflickr.com/2051/2504260193_ed51649407_o.jpg
200,https://c3.staticflickr.com/8/7598/16688713530_baa4ebb1be_o.jpg
200,https://c1.staticflickr.com/7/6021/5972939252_8045234297_o.jpg
200,https://c5.staticflickr.com/3/2150/1619367544_9449069eef_o.jpg
200,https://farm4.staticflickr.com/1019/4723142733_46e698515f_o.jpg
200,https://c1.staticflickr.com/3/2543/4233294764_3b3efc186d_o.jpg
200,https://c8.staticflickr.com/4/3717/12115926124_f368112d7c_o.jpg
200,https://c4.staticflickr.com/8/7381/9132402112_8831f3c824_o.jpg
200,https://farm7.staticflickr.com/1198/864073543_e85b77db36_o.jpg
410,https://c2.staticflickr.com/4/3818/10573719115_53ff8718b9_o.jpg
200,https://farm2.staticflickr.com/3278/2696687569_d0a6f302b9_o.jpg
200,https://farm3.staticflickr.com/5074/5855979174_76ae08b310_o.jpg
200,https://farm7.staticflickr.com/3256/2774035895_12d2b60c12_o.jpg
200,https://farm6.staticflickr.com/4139/4905942799_55c3476a03_o.jpg
404,https://c1.staticflickr.com/4/3319/3308906902_6f8b76fdd9_o.jpg
200,https://farm3.staticflickr.com/2918/14799826242_5fc98b72d5_o.jpg
200,https://farm7.staticflickr.com/6044/6222927753_28d6249115_o.jpg
200,https://c4.staticflickr.com/8/7148/6549593127_7c0de9537b_o.jpg
200,https://farm4.staticflickr.com/3946/15287156548_9b1da681fe_o.jpg
200,https://farm3.staticflickr.com/3756/11061470153_4b0c369ed8_o.jpg
200,https://farm3.staticflickr.com/7529/15876493367_e4f7a81087_o.jpg
200,https://farm8.staticflickr.com/7071/7064150771_322842f0d9_o.jpg
410,https://farm3.staticflickr.com/2689/4429180093_0f9f461e2e_o.jpg
200,https://c8.staticflickr.com/9/8316/8036332741_4e1e06eeb6_o.jpg
200,https://c7.staticflickr.com/8/7449/10274065553_aaa9283e52_o.jpg
200,https://farm3.staticflickr.com/5305/5653102774_190d93e637_o.jpg
200,https://c6.staticflickr.com/6/5457/9005783445_6233834b64_o.jpg
200,https://c7.staticflickr.com/1/250/515581048_fd3ea1bbe7_o.jpg
200,https://farm4.staticflickr.com/3322/3432487358_b6d0bee232_o.jpg
200,https://farm8.staticflickr.com/2862/13442915384_cae8111b28_o.jpg
200,https://farm3.staticflickr.com/5068/5786385119_6b09830158_o.jpg
200,https://farm8.staticflickr.com/7314/12843019493_afb1d50e6f_o.jpg
200,https://c4.staticflickr.com/4/3272/2831474742_de03dc9bed_o.jpg
404,https://farm7.staticflickr.com/7047/7126550461_342ec44c71_o.jpg
200,https://c2.staticflickr.com/6/5551/14956449467_c480e365e1_o.jpg
200,https://c3.staticflickr.com/2/1243/531598636_00bd56e8bb_o.jpg
404,https://farm3.staticflickr.com/7576/15912846178_74d8545b76_o.jpg
200,https://c2.staticflickr.com/3/2366/2194733018_2605c80dd0_o.jpg
404,https://c2.staticflickr.com/4/3009/2914830072_75bf66088d_o.jpg
200,https://c2.staticflickr.com/6/5303/5879557393_347f6befd0_o.jpg
200,https://farm5.staticflickr.com/5262/5596600258_1969c5288e_o.jpg
200,https://farm4.staticflickr.com/5046/5343510734_b3e41e3589_o.jpg
200,https://farm3.staticflickr.com/5556/14911752010_aa2ed6091a_o.jpg
410,https://farm7.staticflickr.com/6011/6007758149_6162f72fb0_o.jpg
200,https://farm6.staticflickr.com/6106/7022147753_09581127fe_o.jpg
200,https://farm2.staticflickr.com/4041/5115422208_6ffe74b815_o.jpg
200,https://farm6.staticflickr.com/3627/3605931740_0cdbc85fe9_o.jpg
200,https://c6.staticflickr.com/5/4106/5111199651_4b6171c96e_o.jpg
200,https://farm5.staticflickr.com/8580/15414886493_2d85b85c9b_o.jpg
200,https://farm5.staticflickr.com/8055/8146757542_fd566edac2_o.jpg
200,https://farm7.staticflickr.com/8125/8699496688_dfc71f445b_o.jpg
404,https://c4.staticflickr.com/3/2813/9262536819_80f965e146_o.jpg
200,https://c6.staticflickr.com/9/8424/7565748208_4896193a82_o.jpg
404,https://farm4.staticflickr.com/7537/16307177862_9950013449_o.jpg
200,https://c8.staticflickr.com/7/6155/6148209830_49519192e3_o.jpg
410,https://farm4.staticflickr.com/5234/5878992147_5840662b11_o.jpg
200,https://c6.staticflickr.com/6/5020/5545469286_0d9e33cba4_o.jpg
200,https://farm7.staticflickr.com/4032/4290052086_26802f7d68_o.jpg
404,https://farm3.staticflickr.com/4035/4428405541_c0e843a017_o.jpg
200,https://farm6.staticflickr.com/8050/8115221617_48b3a40fef_o.jpg
200,https://c7.staticflickr.com/6/5490/14457243174_d0bdf2a076_o.jpg
200,https://farm2.staticflickr.com/4111/5001841503_b90bf90793_o.jpg
200,https://c2.staticflickr.com/6/5165/5319097645_abfe895732_o.jpg
200,https://c5.staticflickr.com/1/86/210890096_7218191d74_o.jpg
200,https://farm1.staticflickr.com/2914/13943783552_db337df821_o.jpg
200,https://farm5.staticflickr.com/5488/11787386043_b0e97d6d1d_o.jpg
200,https://c2.staticflickr.com/4/3122/2567407500_4a3ce3d3cb_o.jpg
200,https://c2.staticflickr.com/9/8178/7998496378_ea245a0a5c_o.jpg
200,https://farm1.staticflickr.com/4052/4629946395_d5fd7bf8b6_o.jpg
200,https://farm4.staticflickr.com/8211/8307738118_a312f18643_o.jpg
200,https://c2.staticflickr.com/8/7285/8740571837_409214e962_o.jpg
200,https://farm8.staticflickr.com/2241/2076062616_4b1d10751e_o.jpg
200,https://farm7.staticflickr.com/4101/4873875172_2ae55d2f4b_o.jpg
200,https://farm1.staticflickr.com/7202/6989947945_a40b18d617_o.jpg
200,https://farm7.staticflickr.com/3655/3355279715_97a6dd3815_o.jpg
200,https://c7.staticflickr.com/9/8074/8390836914_aacd036e1c_o.jpg
404,https://farm4.staticflickr.com/2838/9456731208_a83a1fb206_o.jpg
200,https://c5.staticflickr.com/7/6210/6043753555_bcb948ed6a_o.jpg
200,https://c1.staticflickr.com/6/5535/9663222159_f60a04be57_o.jpg
404,https://c5.staticflickr.com/1/399/19002654506_9c3eab978e_o.jpg
200,https://c1.staticflickr.com/8/7414/12308422063_225777b1e5_o.jpg
200,https://farm1.staticflickr.com/7510/15925502135_d853c9e5f9_o.jpg
200,https://farm4.staticflickr.com/2694/4266792355_5ae726e8de_o.jpg
200,https://farm1.staticflickr.com/4144/5029844703_6829cb00f9_o.jpg
200,https://c8.staticflickr.com/2/1192/1415577812_ea6f1e5ccd_o.jpg
200,https://c7.staticflickr.com/3/2787/4439848278_c77b44f710_o.jpg
200,https://c3.staticflickr.com/6/5086/5265906797_d7e18ea531_o.jpg
200,https://farm4.staticflickr.com/8361/8426815986_6f0bda6b49_o.jpg
200,https://c7.staticflickr.com/5/4085/5029595455_e8826abbbd_o.jpg
200,https://c3.staticflickr.com/4/3896/15002922572_2229298b21_o.jpg
200,https://c6.staticflickr.com/1/13/18460961_6b607f4c5e_o.jpg
200,https://c3.staticflickr.com/3/2834/10121092666_ec89b31baa_o.jpg
200,https://c6.staticflickr.com/4/3926/15028309026_725974cbd1_o.jpg
200,https://c6.staticflickr.com/9/8805/16994266107_f76e53525b_o.jpg
200,https://c6.staticflickr.com/5/4121/4752067250_fc25fc800a_o.jpg
404,https://c2.staticflickr.com/4/3166/5722519230_c73fd4c77a_o.jpg
200,https://c2.staticflickr.com/8/7630/16252803184_78b2d34216_o.jpg
200,https://farm3.staticflickr.com/3551/3403475995_6c2060f5df_o.jpg
200,https://c7.staticflickr.com/1/12/90088365_2e3bcb7cf8_o.jpg
200,https://c7.staticflickr.com/4/3517/3867056088_96e305605c_o.jpg
200,https://c3.staticflickr.com/8/7323/11706961713_d2cdb123ae_o.jpg
200,https://farm7.staticflickr.com/126/373581468_6439e2729a_o.jpg
200,https://farm2.staticflickr.com/2030/2155935018_9caa35b342_o.jpg
200,https://farm6.staticflickr.com/3148/3282203401_3a3236ab6b_o.jpg
200,https://c4.staticflickr.com/8/7322/9608658686_3fd1d819b3_o.jpg
200,https://farm4.staticflickr.com/5222/5755765644_42f26345f6_o.jpg
200,https://c1.staticflickr.com/9/8016/7323720746_288fb67d0e_o.jpg
404,https://farm3.staticflickr.com/8565/16180484565_2bd4a42e45_o.jpg
200,https://c5.staticflickr.com/3/2665/4013131818_d1d7490355_o.jpg
200,https://c7.staticflickr.com/4/3751/12853792664_a60d93a2ca_o.jpg
200,https://c3.staticflickr.com/3/2577/4149183366_48a757abf5_o.jpg
200,https://c8.staticflickr.com/1/37/101149634_dcde8341e8_o.jpg
200,https://c8.staticflickr.com/4/3931/15407662231_a15007c025_o.jpg
200,https://c5.staticflickr.com/6/5059/5427639129_ed4e7f98fb_o.jpg
200,https://farm1.staticflickr.com/6187/6082674528_7255495df3_o.jpg
200,https://c6.staticflickr.com/3/2566/5735901463_997b964890_o.jpg
200,https://farm1.staticflickr.com/8638/16654383895_170a139ddf_o.jpg
200,https://farm3.staticflickr.com/5168/5243495131_934ef8e1ca_o.jpg
200,https://c5.staticflickr.com/6/5028/5888523877_03160e7bda_o.jpg
200,https://c4.staticflickr.com/2/1347/1117779073_096df434da_o.jpg
200,https://farm6.staticflickr.com/7210/13894804810_bcbb723b34_o.jpg
200,https://c5.staticflickr.com/9/8304/7893105630_e7012a5927_o.jpg
200,https://c3.staticflickr.com/2/1346/562006989_1135d74848_o.jpg
200,https://farm5.staticflickr.com/7679/16674218433_4f532963cf_o.jpg
200,https://farm7.staticflickr.com/3062/2779718053_bfd76c9649_o.jpg
200,https://c4.staticflickr.com/6/5606/15814078171_72dd6219ef_o.jpg
200,https://c5.staticflickr.com/3/2880/9784003843_878067a5d6_o.jpg
200,https://c6.staticflickr.com/9/8449/8072725559_051e1235a0_o.jpg
200,https://farm8.staticflickr.com/5331/6916642150_6845e174f5_o.jpg
200,https://c5.staticflickr.com/8/7598/16567933007_f9b2fc18f2_o.jpg
200,https://c2.staticflickr.com/2/1150/1276893629_9309a2388f_o.jpg
200,https://farm1.staticflickr.com/680/21026695740_3e72986e2b_o.jpg
200,https://farm7.staticflickr.com/171/380129697_ea66e36b5a_o.jpg
200,https://c7.staticflickr.com/8/7457/16299449690_aa5d7763cc_o.jpg
200,https://c5.staticflickr.com/3/2495/4177811507_4a07ce6200_o.jpg
200,https://farm1.staticflickr.com/8098/8391482343_5380dfa6bc_o.jpg
200,https://farm4.staticflickr.com/8685/16815296682_a198e4b487_o.jpg
200,https://c6.staticflickr.com/4/3731/12039668086_a1975e38c5_o.jpg
200,https://farm6.staticflickr.com/5598/15344501779_132fb91cfc_o.jpg
200,https://c3.staticflickr.com/7/6150/5951402895_a8c6097371_o.jpg
200,https://farm3.staticflickr.com/3034/2985981243_783b68bc2c_o.jpg
200,https://c2.staticflickr.com/4/3821/11679105005_d9ffa312a5_o.jpg
200,https://c8.staticflickr.com/7/6024/5947419374_14fb58ec25_o.jpg
200,https://c6.staticflickr.com/4/3093/2884286087_cda4db9ee2_o.jpg
200,https://c6.staticflickr.com/5/4151/5089995237_4c885400fd_o.jpg
200,https://farm1.staticflickr.com/2697/4491818639_ab7a13e97b_o.jpg
404,https://farm4.staticflickr.com/3016/5782692928_744f4c3405_o.jpg
200,https://farm6.staticflickr.com/3615/5715744993_f9b1e2f8e7_o.jpg
200,https://farm6.staticflickr.com/7253/7848211052_61c999c7ce_o.jpg
200,https://c7.staticflickr.com/4/3867/14856210396_3640ddc1f5_o.jpg
200,https://c3.staticflickr.com/5/4021/4231261825_d36c853183_o.jpg
200,https://c8.staticflickr.com/5/4132/5187413971_a18b451117_o.jpg
200,https://c3.staticflickr.com/3/2782/4323053058_98d14aff0a_o.jpg
200,https://farm8.staticflickr.com/5584/14896545192_9d611d683e_o.jpg
200,https://c4.staticflickr.com/1/102/293792121_8c3a8cde7d_o.jpg
200,https://farm1.staticflickr.com/3065/3040271556_8b8b22929d_o.jpg
200,https://c1.staticflickr.com/6/5484/10945453434_aa974e4274_o.jpg
200,https://c4.staticflickr.com/2/1232/1424360624_7683286dd6_o.jpg
200,https://farm8.staticflickr.com/8056/8360452051_eefc461dd1_o.jpg
410,https://farm6.staticflickr.com/8025/7475454188_87f428d668_o.jpg
200,https://c6.staticflickr.com/6/5490/12190516806_87f2a39bab_o.jpg
200,https://c7.staticflickr.com/2/1236/1109121464_beaa927d9b_o.jpg
200,https://c7.staticflickr.com/4/3298/3555878657_bc79462e46_o.jpg
200,https://c1.staticflickr.com/4/3597/3470890601_01f8324e88_o.jpg
200,https://c1.staticflickr.com/3/2923/14343493274_88eacb68d7_o.jpg
200,https://farm5.staticflickr.com/7412/9487334555_b3f1a2afbc_o.jpg
200,https://c1.staticflickr.com/6/5064/5674296810_562e19e5bc_o.jpg
200,https://farm6.staticflickr.com/3877/15034605996_33059bf553_o.jpg
200,https://c7.staticflickr.com/9/8623/16521255250_1d167c81b4_o.jpg
200,https://c1.staticflickr.com/3/2658/4279267317_52574e30d3_o.jpg
200,https://c4.staticflickr.com/3/2310/2454484323_c8217030c1_o.jpg
200,https://farm3.staticflickr.com/2724/4098544128_65048759f1_o.jpg
410,https://farm7.staticflickr.com/5141/5553789082_118b48d545_o.jpg
200,https://c2.staticflickr.com/4/3762/12758948493_bd44a3140d_o.jpg
200,https://farm1.staticflickr.com/5149/5643553362_3a7f4e03e0_o.jpg
200,https://farm8.staticflickr.com/1065/5106823084_6372952dc6_o.jpg
200,https://farm2.staticflickr.com/4145/5211291897_0e8499f11c_o.jpg
200,https://c8.staticflickr.com/4/3847/14689883478_63c37b2cd1_o.jpg
200,https://c2.staticflickr.com/6/5064/5849132418_257f38d011_o.jpg
404,https://c3.staticflickr.com/9/8339/8233818195_ff071cd2f7_o.jpg
404,https://c5.staticflickr.com/2/1222/940525109_f9a47d3a7c_o.jpg
200,https://c3.staticflickr.com/9/8288/7676651072_76317310f5_o.jpg
200,https://farm4.staticflickr.com/4033/4222511969_0da0e94dc0_o.jpg
200,https://farm6.staticflickr.com/7794/17324057922_a7349631b8_o.jpg
200,https://farm7.staticflickr.com/8050/8099648278_4c3ddeb64f_o.jpg
200,https://farm6.staticflickr.com/2320/2493579338_197b39c324_o.jpg
200,https://farm3.staticflickr.com/40/125509610_8859e04ba9_o.jpg
200,https://farm2.staticflickr.com/8256/10257985256_415c3ff51a_o.jpg
200,https://farm7.staticflickr.com/7165/6577342333_bb4a922604_o.jpg
200,https://c4.staticflickr.com/8/7565/16118151625_4a0ba1a9d4_o.jpg
200,https://farm8.staticflickr.com/1147/839416639_d8742cec73_o.jpg
200,https://farm5.staticflickr.com/2615/3982098673_ff82b93966_o.jpg
200,https://farm2.staticflickr.com/29/63632421_b941ae562f_o.jpg
200,https://farm2.staticflickr.com/1332/533227940_c6137a9533_o.jpg
404,https://c8.staticflickr.com/9/8081/8308338077_5810c0e694_o.jpg
200,https://farm8.staticflickr.com/1126/1075300498_4c91003a6f_o.jpg
200,https://c3.staticflickr.com/3/2830/9606232919_d60f9cc877_o.jpg
200,https://farm2.staticflickr.com/7408/9563137096_1c0eaca3a5_o.jpg
200,https://c7.staticflickr.com/5/4141/4896425537_eb801041cb_o.jpg
200,https://farm4.staticflickr.com/8380/8668769317_b4333e5112_o.jpg
200,https://c6.staticflickr.com/6/5595/14557985137_4512bea5b1_o.jpg
200,https://farm4.staticflickr.com/7537/15380771454_cc7e68abaf_o.jpg
200,https://c5.staticflickr.com/3/2639/4189162340_81218bcf7f_o.jpg
200,https://c8.staticflickr.com/4/3926/14398244807_ea9d589fc8_o.jpg
200,https://farm4.staticflickr.com/8016/7454608888_1eebb9b12a_o.jpg
200,https://c1.staticflickr.com/8/7168/6745511231_d8ba07d19b_o.jpg
200,https://farm4.staticflickr.com/3658/3615839409_df79562bc7_o.jpg
200,https://farm7.staticflickr.com/7161/6566730751_3fe7754c65_o.jpg
200,https://farm5.staticflickr.com/2783/4074946153_e9aa1417b9_o.jpg
200,https://farm7.staticflickr.com/7300/13701860935_fca51a3e74_o.jpg
200,https://farm1.staticflickr.com/8444/7909168274_4e8229733f_o.jpg
200,https://c1.staticflickr.com/4/3550/3841099466_23b7f921a1_o.jpg
404,https://c1.staticflickr.com/6/5599/15686226972_17ae1e2ab1_o.jpg
404,https://c3.staticflickr.com/6/5477/9634788994_1d77382a03_o.jpg
200,https://farm4.staticflickr.com/4140/4940603649_9d37b1723e_o.jpg
200,https://farm7.staticflickr.com/3661/3569452882_68c81c07ae_o.jpg
200,https://farm8.staticflickr.com/7034/6736154085_ed774abd1e_o.jpg
200,https://farm2.staticflickr.com/3818/10715290463_30a832d7d1_o.jpg
200,https://farm1.staticflickr.com/4029/4362704857_40126ee82f_o.jpg
200,https://farm7.staticflickr.com/2377/2504864749_67bcfa306a_o.jpg
200,https://farm6.staticflickr.com/8872/17876177243_a62fc691b9_o.jpg
200,https://farm7.staticflickr.com/4136/4816383316_ca0568a5c1_o.jpg
200,https://farm6.staticflickr.com/4020/4686684914_3b41667365_o.jpg
200,https://farm8.staticflickr.com/3017/5826289740_ab72bf8475_o.jpg
200,https://c6.staticflickr.com/7/6056/6276959855_f7ca7e5f8a_o.jpg
404,https://farm7.staticflickr.com/5581/14897134421_0b038ae16a_o.jpg
200,https://farm5.staticflickr.com/2550/3689410001_45cd728b4c_o.jpg
404,https://farm5.staticflickr.com/7246/6906609994_10bc11e41d_o.jpg
200,https://farm1.staticflickr.com/2847/9505276385_c1d6b2b253_o.jpg
200,https://farm4.staticflickr.com/2855/9391641752_729c8e8cd7_o.jpg
200,https://c1.staticflickr.com/1/40/77418358_23590919b2_o.jpg
200,https://farm2.staticflickr.com/7453/12362521114_2be5fbf95f_o.jpg
200,https://farm4.staticflickr.com/5305/5642383373_e776e52e2e_o.jpg
200,https://c8.staticflickr.com/6/5475/14420788053_b3d7391f64_o.jpg
200,https://farm2.staticflickr.com/52/152510177_2060e2fe76_o.jpg
200,https://c4.staticflickr.com/6/5585/14658817870_4206d2295d_o.jpg
200,https://farm5.staticflickr.com/2850/10794336025_2f0218d3f4_o.jpg
200,https://c3.staticflickr.com/2/1432/1098712506_7c3bf49e60_o.jpg
200,https://farm2.staticflickr.com/8019/6964849558_cc572186d7_o.jpg
200,https://farm6.staticflickr.com/1325/1012535860_0117a79b1f_o.jpg
200,https://c4.staticflickr.com/4/3597/3695470940_07c032b204_o.jpg
200,https://c5.staticflickr.com/8/7143/6405397653_55afd81642_o.jpg
200,https://farm2.staticflickr.com/6202/6032027391_699984cc46_o.jpg
200,https://farm3.staticflickr.com/34/104525847_922344a636_o.jpg
200,https://farm5.staticflickr.com/3136/2506635845_585f8091f0_o.jpg
200,https://farm4.staticflickr.com/4006/4431985968_91ddd0d84a_o.jpg
200,https://c8.staticflickr.com/1/44/163132466_f27ef3f03f_o.jpg
200,https://c3.staticflickr.com/3/2701/4143595011_5eae1a4ddb_o.jpg
200,https://farm6.staticflickr.com/148/420430000_c8350d995d_o.jpg
200,https://c5.staticflickr.com/3/2773/4285027671_5c5458d219_o.jpg
200,https://c2.staticflickr.com/8/7024/6399299545_82db7e1923_o.jpg
200,https://farm4.staticflickr.com/2340/2087751284_12515dc8af_o.jpg
200,https://c5.staticflickr.com/4/3381/3507454046_49be473253_o.jpg
200,https://farm7.staticflickr.com/8490/8256188785_5448532dc5_o.jpg
404,https://c6.staticflickr.com/9/8752/16560139137_5b36ff5b52_o.jpg
200,https://farm6.staticflickr.com/143/323559629_62ba2ecaab_o.jpg
200,https://farm7.staticflickr.com/7540/15277191163_bde5c866a6_o.jpg
410,https://farm6.staticflickr.com/3354/3587577792_146da49a49_o.jpg
200,https://c4.staticflickr.com/4/3619/3386402545_760b210324_o.jpg
